date,exon_price,oil_price
28-03-2014, $97.70 , $106.64 
31-03-2014, $97.68 , $105.95 
01-04-2014, $97.73 , $105.70 
02-04-2014, $97.95 , $103.37 
03-04-2014, $97.93 , $104.88 
04-04-2014, $97.36 , $106.41 
07-04-2014, $96.78 , $104.89 
08-04-2014, $97.45 , $105.83 
09-04-2014, $97.33 , $107.39 
10-04-2014, $96.78 , $107.10 
11-04-2014, $96.72 , $107.34 
14-04-2014, $97.86 , $107.68 
15-04-2014, $98.68 , $109.10 
16-04-2014, $99.94 , $109.71 
17-04-2014, $100.42 , $109.79 
21-04-2014, $100.93 , $109.69 
22-04-2014, $100.37 , $108.54 
23-04-2014, $100.50 , $108.48 
24-04-2014, $100.01 , $109.79 
25-04-2014, $100.41 , $109.53 
28-04-2014, $101.17 , $109.12 
29-04-2014, $101.45 , $109.89 
30-04-2014, $102.41 , $108.63 
01-05-2014, $101.41 , $108.63 
02-05-2014, $102.01 , $109.48 
05-05-2014, $102.91 , $109.48 
06-05-2014, $102.67 , $108.30 
07-05-2014, $103.11 , $108.17 
08-05-2014, $102.32 , $108.19 
09-05-2014, $101.95 , $108.26 
12-05-2014, $102.23 , $108.37 
13-05-2014, $102.36 , $108.78 
14-05-2014, $102.29 , $109.87 
15-05-2014, $100.78 , $109.74 
16-05-2014, $100.74 , $110.90 
19-05-2014, $100.87 , $110.84 
20-05-2014, $100.67 , $110.35 
21-05-2014, $102.03 , $111.32 
22-05-2014, $101.50 , $110.89 
23-05-2014, $101.32 , $110.19 
27-05-2014, $101.36 , $109.81 
28-05-2014, $101.06 , $109.09 
29-05-2014, $101.27 , $109.98 
30-05-2014, $100.53 , $109.21 
02-06-2014, $99.94 , $109.34 
03-06-2014, $100.39 , $108.87 
04-06-2014, $100.04 , $109.07 
05-06-2014, $100.55 , $108.43 
06-06-2014, $101.60 , $109.21 
09-06-2014, $101.52 , $110.55 
10-06-2014, $101.46 , $109.18 
11-06-2014, $101.95 , $109.83 
12-06-2014, $101.66 , $112.18 
13-06-2014, $102.65 , $113.15 
16-06-2014, $102.92 , $113.42 
17-06-2014, $102.42 , $114.02 
18-06-2014, $102.73 , $114.25 
19-06-2014, $102.63 , $115.19 
20-06-2014, $103.83 , $114.55 
23-06-2014, $104.38 , $113.62 
24-06-2014, $102.73 , $113.74 
25-06-2014, $102.14 , $112.84 
26-06-2014, $102.03 , $112.61 
27-06-2014, $101.21 , $112.62 
30-06-2014, $100.68 , $111.03 
01-07-2014, $101.36 , $110.84 
02-07-2014, $101.57 , $110.18 
03-07-2014, $102.59 , $108.98 
07-07-2014, $102.65 , $108.70 
08-07-2014, $102.83 , $107.65 
09-07-2014, $103.55 , $106.84 
10-07-2014, $102.57 , $106.20 
11-07-2014, $101.74 , $105.77 
14-07-2014, $102.68 , $104.73 
15-07-2014, $102.39 , $104.73 
16-07-2014, $103.77 , $105.41 
17-07-2014, $102.31 , $106.04 
18-07-2014, $102.73 , $106.03 
21-07-2014, $103.08 , $105.71 
22-07-2014, $103.54 , $106.48 
23-07-2014, $104.25 , $106.85 
24-07-2014, $104.28 , $105.78 
25-07-2014, $103.18 , $106.89 
28-07-2014, $104.37 , $106.70 
29-07-2014, $103.55 , $106.98 
30-07-2014, $103.25 , $106.47 
31-07-2014, $98.94 , $104.94 
01-08-2014, $98.80 , $103.45 
04-08-2014, $100.13 , $103.63 
05-08-2014, $98.20 , $102.82 
06-08-2014, $98.98 , $104.17 
07-08-2014, $98.27 , $104.02 
08-08-2014, $99.74 , $103.36 
11-08-2014, $98.73 , $103.47 
12-08-2014, $98.49 , $101.68 
13-08-2014, $99.09 , $102.27 
14-08-2014, $99.09 , $101.15 
15-08-2014, $99.03 , $101.13 
18-08-2014, $99.52 , $99.37 
19-08-2014, $99.49 , $99.74 
20-08-2014, $99.70 , $99.92 
21-08-2014, $99.28 , $100.28 
22-08-2014, $98.50 , $100.09 
25-08-2014, $98.75 , $100.49 
26-08-2014, $99.64 , $100.50 
27-08-2014, $99.53 , $100.40 
28-08-2014, $99.57 , $100.71 
29-08-2014, $99.46 , $101.12 
02-09-2014, $98.49 , $100.21 
03-09-2014, $99.11 , $100.88 
04-09-2014, $98.36 , $101.21 
05-09-2014, $99.26 , $99.51 
08-09-2014, $97.77 , $99.53 
09-09-2014, $97.39 , $98.08 
10-09-2014, $96.81 , $96.26 
11-09-2014, $97.03 , $96.42 
12-09-2014, $95.78 , $96.31 
15-09-2014, $96.29 , $96.43 
16-09-2014, $97.43 , $97.39 
17-09-2014, $97.08 , $97.70 
18-09-2014, $96.61 , $96.82 
19-09-2014, $97.12 , $96.75 
22-09-2014, $96.54 , $95.37 
23-09-2014, $96.03 , $94.87 
24-09-2014, $95.82 , $94.53 
25-09-2014, $94.25 , $95.20 
26-09-2014, $95.43 , $95.08 
29-09-2014, $94.43 , $95.70 
30-09-2014, $94.05 , $94.67 
01-10-2014, $92.86 , $94.57 
02-10-2014, $93.30 , $91.29 
03-10-2014, $93.92 , $90.80 
06-10-2014, $94.52 , $90.65 
07-10-2014, $93.37 , $90.90 
08-10-2014, $94.61 , $90.25 
09-10-2014, $91.82 , $90.47 
10-10-2014, $91.60 , $88.66 
13-10-2014, $90.84 , $87.82 
14-10-2014, $90.55 , $86.36 
15-10-2014, $90.22 , $84.02 
16-10-2014, $90.60 , $84.02 
17-10-2014, $91.21 , $85.27 
20-10-2014, $91.77 , $84.42 
21-10-2014, $93.65 , $85.17 
22-10-2014, $93.13 , $86.38 
23-10-2014, $94.11 , $85.94 
24-10-2014, $94.49 , $86.00 
27-10-2014, $93.71 , $85.64 
28-10-2014, $95.10 , $85.57 
29-10-2014, $94.59 , $86.91 
30-10-2014, $94.45 , $85.50 
31-10-2014, $96.71 , $84.17 
03-11-2014, $95.26 , $84.90 
04-11-2014, $94.52 , $82.12 
05-11-2014, $95.07 , $82.88 
06-11-2014, $96.26 , $82.08 
07-11-2014, $96.59 , $83.20 
10-11-2014, $96.28 , $82.90 
11-11-2014, $96.41 , $80.94 
12-11-2014, $95.38 , $80.42 
13-11-2014, $94.66 , $77.74 
14-11-2014, $95.09 , $77.51 
17-11-2014, $95.11 , $76.86 
18-11-2014, $94.87 , $77.23 
19-11-2014, $95.61 , $77.21 
20-11-2014, $95.82 , $77.61 
21-11-2014, $96.81 , $79.20 
24-11-2014, $95.72 , $79.62 
25-11-2014, $94.78 , $77.62 
26-11-2014, $94.48 , $77.39 
28-11-2014, $90.54 , $71.89 
01-12-2014, $92.35 , $70.87 
02-12-2014, $94.19 , $71.13 
03-12-2014, $94.95 , $70.13 
04-12-2014, $94.37 , $68.48 
05-12-2014, $93.82 , $68.00 
08-12-2014, $91.70 , $65.64 
09-12-2014, $91.38 , $66.11 
10-12-2014, $88.67 , $63.32 
11-12-2014, $89.20 , $63.65 
12-12-2014, $86.60 , $61.67 
15-12-2014, $86.90 , $61.09 
16-12-2014, $86.41 , $60.26 
17-12-2014, $89.02 , $59.84 
18-12-2014, $91.16 , $58.81 
19-12-2014, $93.64 , $58.87 
22-12-2014, $93.33 , $58.31 
23-12-2014, $94.59 , $59.07 
24-12-2014, $93.78 , $58.67 
26-12-2014, $93.21 , $58.72 
29-12-2014, $93.07 , $57.86 
30-12-2014, $93.02 , $55.60 
31-12-2014, $92.45 , $55.27 
02-01-2015, $92.83 , $55.38 
05-01-2015, $90.29 , $51.08 
06-01-2015, $89.81 , $50.12 
07-01-2015, $90.72 , $49.06 
08-01-2015, $92.23 , $49.43 
09-01-2015, $92.10 , $47.64 
12-01-2015, $90.33 , $46.90 
13-01-2015, $90.00 , $45.13 
14-01-2015, $89.74 , $45.82 
15-01-2015, $88.96 , $47.66 
16-01-2015, $91.12 , $47.38 
20-01-2015, $91.09 , $46.49 
21-01-2015, $91.87 , $46.50 
22-01-2015, $92.87 , $46.09 
23-01-2015, $90.89 , $46.69 
26-01-2015, $91.76 , $46.07 
27-01-2015, $90.95 , $46.55 
28-01-2015, $87.95 , $47.07 
29-01-2015, $87.58 , $46.61 
30-01-2015, $87.42 , $47.52 
02-02-2015, $89.58 , $51.74 
03-02-2015, $92.25 , $54.41 
04-02-2015, $91.46 , $55.07 
05-02-2015, $92.36 , $55.98 
06-02-2015, $91.50 , $55.88 
09-02-2015, $91.56 , $57.00 
10-02-2015, $91.01 , $55.79 
11-02-2015, $90.60 , $53.48 
12-02-2015, $92.37 , $56.23 
13-02-2015, $93.37 , $60.33 
17-02-2015, $93.05 , $60.78 
18-02-2015, $91.01 , $60.72 
19-02-2015, $89.44 , $58.78 
20-02-2015, $89.92 , $60.99 
23-02-2015, $89.01 , $59.78 
24-02-2015, $89.42 , $60.33 
25-02-2015, $89.60 , $59.77 
26-02-2015, $88.65 , $61.39 
27-02-2015, $88.54 , $61.89 
02-03-2015, $88.04 , $60.75 
03-03-2015, $87.62 , $61.18 
04-03-2015, $87.18 , $59.18 
05-03-2015, $86.74 , $60.33 
06-03-2015, $85.63 , $59.15 
09-03-2015, $85.16 , $58.67 
10-03-2015, $84.26 , $55.95 
11-03-2015, $84.02 , $56.46 
12-03-2015, $84.22 , $56.66 
13-03-2015, $83.87 , $54.80 
16-03-2015, $84.76 , $52.00 
17-03-2015, $84.08 , $52.17 
18-03-2015, $86.07 , $52.59 
19-03-2015, $84.41 , $52.96 
20-03-2015, $84.54 , $53.88 
23-03-2015, $85.43 , $53.82 
24-03-2015, $84.52 , $53.61 
25-03-2015, $84.86 , $54.18 
26-03-2015, $84.32 , $57.02 
27-03-2015, $83.58 , $56.44 
30-03-2015, $85.63 , $53.99 
31-03-2015, $85.00 , $53.69 
01-04-2015, $84.46 , $55.73 
02-04-2015, $84.30 , $55.73 
06-04-2015, $85.13 , $55.73 
07-04-2015, $85.75 , $57.55 
08-04-2015, $84.06 , $56.42 
09-04-2015, $84.65 , $56.04 
10-04-2015, $85.56 , $56.82 
13-04-2015, $85.34 , $57.14 
14-04-2015, $86.63 , $57.69 
15-04-2015, $88.08 , $59.32 
16-04-2015, $87.73 , $60.13 
17-04-2015, $86.93 , $61.31 
20-04-2015, $87.24 , $61.20 
21-04-2015, $86.88 , $60.12 
22-04-2015, $87.46 , $60.12 
23-04-2015, $87.54 , $62.66 
24-04-2015, $86.97 , $62.96 
27-04-2015, $87.01 , $62.86 
28-04-2015, $87.80 , $62.61 
29-04-2015, $87.87 , $63.97 
30-04-2015, $87.37 , $63.90 
01-05-2015, $88.85 , $64.13 
04-05-2015, $89.11 , $64.62 
05-05-2015, $88.61 , $65.44 
06-05-2015, $88.19 , $66.22 
07-05-2015, $87.60 , $64.93 
08-05-2015, $88.99 , $63.82 
11-05-2015, $86.78 , $62.82 
12-05-2015, $87.02 , $65.09 
13-05-2015, $86.56 , $66.33 
14-05-2015, $86.97 , $65.58 
15-05-2015, $87.35 , $64.69 
18-05-2015, $86.85 , $65.15 
19-05-2015, $86.99 , $63.48 
20-05-2015, $87.13 , $63.52 
21-05-2015, $87.21 , $64.70 
22-05-2015, $86.52 , $64.70 
26-05-2015, $85.35 , $61.65 
27-05-2015, $85.11 , $61.35 
28-05-2015, $85.11 , $60.12 
29-05-2015, $85.20 , $63.16 
01-06-2015, $85.13 , $62.87 
02-06-2015, $85.14 , $63.14 
03-06-2015, $84.95 , $62.78 
04-06-2015, $84.22 , $60.34 
05-06-2015, $84.28 , $60.36 
08-06-2015, $84.85 , $61.33 
09-06-2015, $84.58 , $63.23 
10-06-2015, $85.21 , $64.68 
11-06-2015, $85.09 , $63.76 
12-06-2015, $84.02 , $63.19 
15-06-2015, $83.72 , $60.99 
16-06-2015, $84.68 , $60.75 
17-06-2015, $84.73 , $60.75 
18-06-2015, $85.48 , $61.37 
19-06-2015, $85.21 , $59.41 
22-06-2015, $85.17 , $60.54 
23-06-2015, $85.07 , $61.67 
24-06-2015, $84.68 , $61.63 
25-06-2015, $83.93 , $60.24 
26-06-2015, $83.86 , $60.14 
29-06-2015, $82.82 , $59.03 
30-06-2015, $83.20 , $60.31 
01-07-2015, $82.37 , $61.65 
02-07-2015, $83.14 , $61.73 
06-07-2015, $82.53 , $57.19 
07-07-2015, $82.87 , $54.72 
08-07-2015, $81.97 , $55.70 
09-07-2015, $81.60 , $57.83 
10-07-2015, $82.22 , $57.72 
13-07-2015, $82.42 , $57.63 
14-07-2015, $83.11 , $57.20 
15-07-2015, $82.76 , $57.34 
16-07-2015, $82.91 , $57.31 
17-07-2015, $82.61 , $56.38 
20-07-2015, $81.76 , $56.42 
21-07-2015, $81.66 , $55.94 
22-07-2015, $81.79 , $56.36 
23-07-2015, $81.14 , $55.76 
24-07-2015, $79.94 , $54.29 
27-07-2015, $79.26 , $54.07 
28-07-2015, $82.48 , $54.30 
29-07-2015, $83.14 , $54.73 
30-07-2015, $83.01 , $54.29 
31-07-2015, $79.21 , $53.29 
03-08-2015, $78.06 , $49.49 
04-08-2015, $77.17 , $49.08 
05-08-2015, $77.17 , $49.04 
06-08-2015, $78.09 , $47.80 
07-08-2015, $76.83 , $47.54 
10-08-2015, $78.75 , $48.30 
11-08-2015, $77.49 , $47.33 
12-08-2015, $78.79 , $48.29 
13-08-2015, $78.65 , $48.01 
14-08-2015, $78.36 , $47.79 
17-08-2015, $78.77 , $47.77 
18-08-2015, $77.90 , $47.00 
19-08-2015, $76.23 , $45.75 
20-08-2015, $74.57 , $45.63 
21-08-2015, $72.13 , $43.84 
24-08-2015, $68.72 , $41.59 
25-08-2015, $68.71 , $41.86 
26-08-2015, $72.50 , $41.76 
27-08-2015, $74.85 , $44.46 
28-08-2015, $75.07 , $47.97 
31-08-2015, $75.24 ,#N/A
01-09-2015, $72.08 , $48.80 
02-09-2015, $73.23 , $47.67 
03-09-2015, $73.79 , $50.41 
04-09-2015, $72.46 , $48.59 
08-09-2015, $73.50 , $48.88 
09-09-2015, $72.00 , $48.04 
10-09-2015, $72.52 , $47.77 
11-09-2015, $72.69 , $46.87 
14-09-2015, $72.49 , $45.87 
15-09-2015, $72.86 , $45.91 
16-09-2015, $74.30 , $49.35 
17-09-2015, $74.46 , $48.27 
18-09-2015, $72.68 , $47.28 
21-09-2015, $73.39 , $47.64 
22-09-2015, $72.74 , $46.69 
23-09-2015, $72.30 , $48.00 
24-09-2015, $72.73 , $47.06 
25-09-2015, $73.23 , $47.28 
28-09-2015, $72.60 , $46.04 
29-09-2015, $72.97 , $47.58 
30-09-2015, $74.35 , $47.29 
01-10-2015, $74.06 , $47.48 
02-10-2015, $75.88 , $46.55 
05-10-2015, $76.81 , $49.45 
06-10-2015, $77.89 , $51.34 
07-10-2015, $79.20 , $51.66 
08-10-2015, $80.03 , $52.13 
09-10-2015, $79.26 , $52.08 
12-10-2015, $79.30 , $50.95 
13-10-2015, $79.16 , $48.94 
14-10-2015, $80.16 , $48.25 
15-10-2015, $81.48 , $47.87 
16-10-2015, $82.48 , $48.96 
19-10-2015, $80.99 , $47.51 
20-10-2015, $80.83 , $46.93 
21-10-2015, $80.21 , $46.72 
22-10-2015, $82.89 , $46.59 
23-10-2015, $82.98 , $46.30 
26-10-2015, $81.22 , $46.57 
27-10-2015, $81.09 , $45.54 
28-10-2015, $82.28 , $47.60 
29-10-2015, $82.23 , $48.04 
30-10-2015, $82.74 , $48.00 
02-11-2015, $85.28 , $47.91 
03-11-2015, $86.85 , $48.00 
04-11-2015, $85.98 , $46.96 
05-11-2015, $84.81 , $47.19 
06-11-2015, $84.47 , $46.09 
09-11-2015, $81.95 , $45.38 
10-11-2015, $82.35 , $46.44 
11-11-2015, $81.62 , $44.98 
12-11-2015, $79.41 , $44.98 
13-11-2015, $78.10 , $41.98 
16-11-2015, $80.90 , $40.28 
17-11-2015, $79.96 , $41.28 
18-11-2015, $80.74 , $41.45 
19-11-2015, $80.30 , $42.22 
20-11-2015, $79.79 , $42.49 
23-11-2015, $80.28 , $43.70 
24-11-2015, $81.88 , $44.38 
25-11-2015, $81.25 , $43.56 
27-11-2015, $81.23 , $43.07 
30-11-2015, $81.66 , $43.73 
01-12-2015, $81.89 , $42.97 
02-12-2015, $79.55 , $41.92 
03-12-2015, $78.41 , $42.00 
04-12-2015, $78.86 , $41.44 
07-12-2015, $76.80 , $39.69 
08-12-2015, $74.63 , $39.44 
09-12-2015, $75.63 , $39.04 
10-12-2015, $75.69 , $38.65 
11-12-2015, $74.34 , $36.99 
14-12-2015, $76.03 , $36.51 
15-12-2015, $79.43 , $37.66 
16-12-2015, $79.15 , $36.96 
17-12-2015, $77.96 , $36.29 
18-12-2015, $77.28 , $36.76 
21-12-2015, $77.26 , $35.34 
22-12-2015, $77.65 , $35.26 
23-12-2015, $80.19 , $35.79 
24-12-2015, $79.33 , $37.22 
28-12-2015, $78.74 , $37.08 
29-12-2015, $79.16 , $36.85 
30-12-2015, $78.11 , $35.65 
31-12-2015, $77.95 , $36.61 
04-01-2016, $77.46 , $36.28 
05-01-2016, $78.12 , $35.56 
06-01-2016, $77.47 , $33.89 
07-01-2016, $76.23 , $33.57 
08-01-2016, $74.69 , $31.67 
11-01-2016, $73.69 , $30.14 
12-01-2016, $75.20 , $29.14 
13-01-2016, $75.65 , $28.58 
14-01-2016, $79.12 , $28.84 
15-01-2016, $77.58 , $28.80 
19-01-2016, $76.40 , $27.36 
20-01-2016, $73.18 , $26.01 
21-01-2016, $74.10 , $27.59 
22-01-2016, $76.57 , $30.46 
25-01-2016, $73.98 , $29.82 
26-01-2016, $76.70 , $30.94 
27-01-2016, $75.29 , $31.83 
28-01-2016, $76.99 , $33.01 
29-01-2016, $77.85 , $33.14 
01-02-2016, $76.29 , $32.45 
02-02-2016, $74.59 , $30.98 
03-02-2016, $78.48 , $32.38 
04-02-2016, $79.83 , $32.76 
05-02-2016, $80.08 , $32.35 
08-02-2016, $81.16 , $31.64 
09-02-2016, $80.08 , $30.15 
10-02-2016, $79.35 , $29.64 
11-02-2016, $79.60 , $28.82 
12-02-2016, $81.03 , $31.80 
16-02-2016, $81.22 , $31.09 
17-02-2016, $82.00 , $33.21 
18-02-2016, $82.45 , $33.20 
19-02-2016, $82.50 , $31.66 
22-02-2016, $82.39 , $33.59 
23-02-2016, $81.23 , $31.90 
24-02-2016, $81.52 , $31.50 
25-02-2016, $82.01 , $32.83 
26-02-2016, $81.75 , $35.76 
29-02-2016, $80.15 , $35.92 
01-03-2016, $81.28 , $35.73 
02-03-2016, $82.70 , $36.38 
03-03-2016, $82.40 , $35.75 
04-03-2016, $82.29 , $37.61 
07-03-2016, $84.46 , $39.02 
08-03-2016, $82.63 , $39.16 
09-03-2016, $82.40 , $40.26 
10-03-2016, $82.18 , $38.63 
11-03-2016, $82.19 , $39.41 
14-03-2016, $82.41 , $38.06 
15-03-2016, $82.82 , $37.49 
16-03-2016, $82.87 , $38.38 
17-03-2016, $84.10 , $39.29 
18-03-2016, $84.20 , $39.26 
21-03-2016, $83.62 , $39.91 
22-03-2016, $84.12 , $40.54 
23-03-2016, $83.75 , $38.84 
24-03-2016, $83.98 , $38.33 
28-03-2016, $84.22 , $38.33 
29-03-2016, $84.53 , $36.75 
30-03-2016, $84.52 , $36.75 
31-03-2016, $83.59 , $36.75 
01-04-2016, $82.96 , $36.42 
04-04-2016, $83.16 , $36.05 
05-04-2016, $82.21 , $35.88 
06-04-2016, $83.31 , $37.77 
07-04-2016, $82.37 , $37.15 
08-04-2016, $83.21 , $40.71 
11-04-2016, $83.32 , $41.58 
12-04-2016, $84.35 , $43.02 
13-04-2016, $84.83 , $42.81 
14-04-2016, $85.43 , $43.02 
15-04-2016, $84.97 , $41.32 
18-04-2016, $85.78 , $41.64 
19-04-2016, $86.21 , $43.02 
20-04-2016, $86.80 , $43.09 
21-04-2016, $86.79 , $43.48 
22-04-2016, $87.53 , $43.97 
25-04-2016, $87.33 , $42.97 
26-04-2016, $87.63 , $43.94 
27-04-2016, $88.46 , $44.17 
28-04-2016, $88.03 , $45.60 
29-04-2016, $88.40 , $45.64 
02-05-2016, $89.13 , $45.82 
03-05-2016, $88.11 , $43.09 
04-05-2016, $87.94 , $43.08 
05-05-2016, $88.04 , $44.39 
06-05-2016, $88.51 , $44.60 
09-05-2016, $88.57 , $42.43 
10-05-2016, $89.99 , $44.01 
11-05-2016, $88.81 , $46.08 
12-05-2016, $89.67 , $46.43 
13-05-2016, $88.66 , $47.05 
16-05-2016, $89.57 , $48.49 
17-05-2016, $89.53 , $48.71 
18-05-2016, $89.35 , $48.93 
19-05-2016, $90.11 , $47.01 
20-05-2016, $89.74 , $48.54 
23-05-2016, $89.60 , $47.77 
24-05-2016, $89.67 , $48.42 
25-05-2016, $90.26 , $48.87 
26-05-2016, $89.80 , $49.52 
27-05-2016, $90.01 , $49.09 
31-05-2016, $89.02 , $49.26 
01-06-2016, $89.24 , $48.81 
02-06-2016, $88.53 , $49.05 
03-06-2016, $88.37 , $48.50 
06-06-2016, $89.34 , $48.94 
07-06-2016, $90.71 , $49.76 
08-06-2016, $90.79 , $50.73 
09-06-2016, $90.67 , $50.59 
10-06-2016, $89.98 , $49.70 
13-06-2016, $90.59 , $49.36 
14-06-2016, $90.43 , $47.88 
15-06-2016, $90.16 , $47.47 
16-06-2016, $91.22 , $45.66 
17-06-2016, $90.72 , $46.57 
20-06-2016, $91.12 , $48.68 
21-06-2016, $91.53 , $48.18 
22-06-2016, $91.17 , $48.43 
23-06-2016, $91.80 , $48.63 
24-06-2016, $89.39 , $46.69 
27-06-2016, $88.86 , $45.07 
28-06-2016, $90.91 , $46.29 
29-06-2016, $92.46 , $48.40 
30-06-2016, $93.74 , $48.05 
01-07-2016, $93.84 , $47.65 
05-07-2016, $93.02 , $45.64 
06-07-2016, $94.09 , $45.70 
07-07-2016, $92.96 , $45.93 
08-07-2016, $93.54 , $44.53 
11-07-2016, $93.89 , $44.04 
12-07-2016, $94.95 , $46.72 
13-07-2016, $94.88 , $44.67 
14-07-2016, $94.95 , $46.01 
15-07-2016, $95.12 , $46.25 
18-07-2016, $94.82 , $45.35 
19-07-2016, $94.47 , $45.70 
20-07-2016, $93.93 , $45.82 
21-07-2016, $93.85 , $44.99 
22-07-2016, $94.01 , $44.24 
25-07-2016, $92.20 , $43.76 
26-07-2016, $91.53 , $43.56 
27-07-2016, $90.91 , $42.78 
28-07-2016, $90.20 , $41.87 
29-07-2016, $88.95 , $40.76 
01-08-2016, $85.86 , $40.17 
02-08-2016, $87.04 , $40.00 
03-08-2016, $87.49 , $40.45 
04-08-2016, $87.48 , $41.33 
05-08-2016, $87.56 , $42.47 
08-08-2016, $88.59 , $43.24 
09-08-2016, $88.70 , $43.37 
10-08-2016, $86.41 , $42.19 
11-08-2016, $86.72 , $44.23 
12-08-2016, $87.85 , $45.12 
15-08-2016, $87.81 , $47.31 
16-08-2016, $87.92 , $48.27 
17-08-2016, $88.11 , $48.58 
18-08-2016, $88.91 , $49.46 
19-08-2016, $87.80 , $49.39 
22-08-2016, $87.99 , $48.10 
23-08-2016, $87.72 , $48.70 
24-08-2016, $88.02 , $47.56 
25-08-2016, $87.46 , $49.25 
26-08-2016, $87.27 , $49.66 
29-08-2016, $87.84 , $49.66 
30-08-2016, $87.52 , $47.94 
31-08-2016, $87.14 , $47.94 
01-09-2016, $86.84 , $45.05 
02-09-2016, $87.42 , $45.96 
06-09-2016, $88.57 , $46.21 
07-09-2016, $88.24 , $47.00 
08-09-2016, $89.05 , $49.23 
09-09-2016, $86.84 , $48.37 
12-09-2016, $87.29 , $47.82 
13-09-2016, $85.21 , $46.48 
14-09-2016, $84.60 , $45.65 
15-09-2016, $85.08 , $45.83 
16-09-2016, $84.03 , $45.26 
19-09-2016, $83.83 , $46.04 
20-09-2016, $82.54 , $45.24 
21-09-2016, $83.30 , $45.99 
22-09-2016, $83.54 , $47.21 
23-09-2016, $83.45 , $46.71 
26-09-2016, $83.06 , $46.61 
27-09-2016, $83.24 , $44.95 
28-09-2016, $86.90 , $45.49 
29-09-2016, $86.46 , $48.43 
30-09-2016, $87.28 , $48.24 
03-10-2016, $87.05 , $48.61 
04-10-2016, $86.25 , $48.81 
05-10-2016, $87.00 , $49.57 
06-10-2016, $87.04 , $50.14 
07-10-2016, $86.74 , $50.49 
10-10-2016, $88.44 , $51.54 
11-10-2016, $87.74 , $50.48 
12-10-2016, $87.13 , $49.53 
13-10-2016, $86.56 , $49.29 
14-10-2016, $86.54 , $48.87 
17-10-2016, $86.54 , $49.31 
18-10-2016, $86.77 , $49.81 
19-10-2016, $87.17 , $51.85 
20-10-2016, $87.21 , $50.42 
21-10-2016, $86.62 , $50.28 
24-10-2016, $86.91 , $49.80 
25-10-2016, $86.72 , $49.08 
26-10-2016, $87.09 , $48.98 
27-10-2016, $86.92 , $49.13 
28-10-2016, $84.78 , $47.78 
31-10-2016, $83.32 , $46.20 
01-11-2016, $83.65 , $45.77 
02-11-2016, $83.45 , $44.26 
03-11-2016, $83.66 , $43.84 
04-11-2016, $83.57 , $43.06 
07-11-2016, $85.45 , $42.83 
08-11-2016, $85.31 , $43.47 
09-11-2016, $86.25 , $43.88 
10-11-2016, $87.05 , $43.67 
11-11-2016, $85.67 , $41.61 
14-11-2016, $85.28 , $41.83 
15-11-2016, $86.82 , $44.15 
16-11-2016, $85.75 , $45.07 
17-11-2016, $85.23 , $44.57 
18-11-2016, $85.28 , $44.41 
21-11-2016, $86.49 , $45.96 
22-11-2016, $86.68 , $46.10 
23-11-2016, $86.92 , $46.54 
25-11-2016, $87.12 , $46.32 
28-11-2016, $86.47 , $46.64 
29-11-2016, $85.90 , $44.68 
30-11-2016, $87.30 , $47.95 
01-12-2016, $87.24 , $52.28 
02-12-2016, $87.04 , $52.35 
05-12-2016, $87.48 , $53.30 
06-12-2016, $87.56 , $52.31 
07-12-2016, $88.07 , $51.90 
08-12-2016, $88.32 , $51.60 
09-12-2016, $89.00 , $52.19 
12-12-2016, $90.98 , $53.99 
13-12-2016, $92.58 , $53.28 
14-12-2016, $90.58 , $53.15 
15-12-2016, $90.89 , $51.72 
16-12-2016, $91.18 , $54.15 
19-12-2016, $90.42 , $53.53 
20-12-2016, $90.43 , $54.56 
21-12-2016, $90.28 , $53.01 
22-12-2016, $90.87 , $54.04 
23-12-2016, $90.71 , $53.93 
27-12-2016, $90.75 ,#N/A
28-12-2016, $90.30 , $54.95 
29-12-2016, $90.35 , $54.97 
30-12-2016, $90.26 , $54.96 
03-01-2017, $90.89 , $55.05 
04-01-2017, $89.89 , $54.57 
05-01-2017, $88.55 , $54.99 
06-01-2017, $88.50 , $55.90 
09-01-2017, $87.04 , $54.39 
10-01-2017, $85.93 , $53.20 
11-01-2017, $86.81 , $53.61 
12-01-2017, $86.34 , $54.51 
13-01-2017, $86.35 , $54.37 
17-01-2017, $87.36 , $54.68 
18-01-2017, $86.28 , $53.77 
19-01-2017, $84.73 , $53.18 
20-01-2017, $85.89 , $55.04 
23-01-2017, $84.97 , $54.80 
24-01-2017, $85.09 , $54.70 
25-01-2017, $85.34 , $54.34 
26-01-2017, $85.60 , $55.89 
27-01-2017, $85.51 , $54.80 
30-01-2017, $84.86 , $54.77 
31-01-2017, $83.89 , $55.25 
01-02-2017, $82.94 , $55.79 
02-02-2017, $83.45 , $55.94 
03-02-2017, $83.54 , $55.92 
06-02-2017, $83.31 , $55.02 
07-02-2017, $82.77 , $53.79 
08-02-2017, $81.48 , $54.42 
09-02-2017, $81.84 , $53.98 
10-02-2017, $82.52 , $55.20 
13-02-2017, $83.00 , $54.15 
14-02-2017, $82.82 , $54.96 
15-02-2017, $83.16 , $54.57 
16-02-2017, $82.30 , $54.16 
17-02-2017, $81.76 , $54.48 
21-02-2017, $81.89 , $56.34 
22-02-2017, $80.93 , $54.90 
23-02-2017, $81.78 , $55.82 
24-02-2017, $81.08 , $54.69 
27-02-2017, $81.54 , $54.65 
28-02-2017, $81.32 , $53.36 
01-03-2017, $83.02 , $55.72 
02-03-2017, $83.30 , $54.16 
03-03-2017, $82.46 , $54.12 
06-03-2017, $82.83 , $54.73 
07-03-2017, $82.52 , $54.61 
08-03-2017, $81.03 , $53.30 
09-03-2017, $81.67 , $50.65 
10-03-2017, $81.61 , $50.63 
13-03-2017, $81.42 , $50.10 
14-03-2017, $80.99 , $49.60 
15-03-2017, $82.00 , $50.63 
16-03-2017, $82.07 , $50.56 
17-03-2017, $82.00 , $50.58 
20-03-2017, $82.00 , $50.67 
21-03-2017, $81.83 , $50.14 
22-03-2017, $81.76 , $49.56 
23-03-2017, $81.86 , $50.17 
24-03-2017, $81.23 , $49.97 
27-03-2017, $81.25 , $50.12 
28-03-2017, $81.84 , $50.72 
29-03-2017, $82.02 , $51.36 
30-03-2017, $83.70 , $52.25 
31-03-2017, $82.01 , $52.20 
03-04-2017, $82.07 , $52.04 
04-04-2017, $82.37 , $53.08 
05-04-2017, $82.53 , $53.41 
06-04-2017, $83.01 , $53.62 
07-04-2017, $82.76 , $54.24 
10-04-2017, $83.13 , $54.79 
11-04-2017, $82.84 , $54.73 
12-04-2017, $82.97 , $54.75 
13-04-2017, $81.69 , $55.05 
17-04-2017, $81.58 , $54.79 
18-04-2017, $81.05 , $52.60 
19-04-2017, $80.49 , $52.43 
20-04-2017, $81.01 , $50.66 
21-04-2017, $80.69 , $49.93 
24-04-2017, $81.11 , $49.45 
25-04-2017, $81.73 , $49.37 
26-04-2017, $81.40 , $49.99 
27-04-2017, $81.26 , $49.46 
28-04-2017, $81.65 , $49.46 
01-05-2017, $82.06 , $50.41 
02-05-2017, $82.05 , $49.31 
03-05-2017, $82.70 , $48.82 
04-05-2017, $81.64 , $47.53 
05-05-2017, $82.02 , $47.45 
08-05-2017, $82.89 , $46.61 
09-05-2017, $82.31 , $47.06 
10-05-2017, $81.91 , $48.09 
11-05-2017, $82.61 , $49.18 
12-05-2017, $82.55 , $49.08 
15-05-2017, $82.80 , $51.29 
16-05-2017, $82.55 , $51.21 
17-05-2017, $81.99 , $51.76 
18-05-2017, $81.75 , $51.71 
19-05-2017, $81.93 , $52.78 
22-05-2017, $82.29 , $53.35 
23-05-2017, $82.58 , $53.19 
24-05-2017, $82.29 , $53.29 
25-05-2017, $81.75 , $52.25 
26-05-2017, $81.55 , $50.84 
30-05-2017, $81.10 , $50.65 
31-05-2017, $80.50 , $49.40 
01-06-2017, $80.70 , $50.41 
02-06-2017, $79.50 , $48.46 
05-06-2017, $80.12 , $48.25 
06-06-2017, $81.21 , $48.11 
07-06-2017, $80.91 , $47.08 
08-06-2017, $80.62 , $46.30 
09-06-2017, $82.13 , $46.64 
12-06-2017, $82.93 , $47.18 
13-06-2017, $82.96 , $46.95 
14-06-2017, $82.07 , $45.47 
15-06-2017, $82.26 , $45.61 
16-06-2017, $83.49 , $45.70 
19-06-2017, $82.76 , $45.93 
20-06-2017, $82.31 , $43.98 
21-06-2017, $81.44 , $44.62 
22-06-2017, $81.08 , $44.46 
23-06-2017, $81.61 , $44.14 
26-06-2017, $81.24 , $44.09 
27-06-2017, $81.11 , $46.17 
28-06-2017, $81.53 , $46.45 
29-06-2017, $80.70 , $47.02 
30-06-2017, $80.73 , $47.08 
03-07-2017, $82.10 , $49.13 
05-07-2017, $80.85 , $47.58 
06-07-2017, $80.12 , $48.53 
07-07-2017, $80.22 , $46.47 
10-07-2017, $80.16 , $46.57 
11-07-2017, $80.60 , $46.68 
12-07-2017, $80.96 , $46.73 
13-07-2017, $80.97 , $47.65 
14-07-2017, $81.28 , $47.89 
17-07-2017, $80.86 , $47.66 
18-07-2017, $80.60 , $47.92 
19-07-2017, $80.85 , $48.34 
20-07-2017, $80.86 , $48.54 
21-07-2017, $80.12 , $47.47 
24-07-2017, $79.87 , $47.81 
25-07-2017, $80.27 , $49.19 
26-07-2017, $80.37 , $50.08 
27-07-2017, $80.83 , $50.67 
28-07-2017, $79.60 , $52.00 
31-07-2017, $80.04 , $51.99 
01-08-2017, $80.17 , $50.77 
02-08-2017, $80.60 , $52.09 
03-08-2017, $80.49 , $52.88 
04-08-2017, $80.21 , $52.48 
07-08-2017, $80.16 , $51.42 
08-08-2017, $79.96 , $52.18 
09-08-2017, $80.21 , $52.16 
10-08-2017, $78.97 , $52.59 
11-08-2017, $78.21 , $51.47 
14-08-2017, $78.23 , $51.29 
15-08-2017, $78.04 , $49.90 
16-08-2017, $77.47 , $50.39 
17-08-2017, $76.26 , $50.37 
18-08-2017, $76.64 , $50.96 
21-08-2017, $76.38 , $51.94 
22-08-2017, $76.74 , $52.29 
23-08-2017, $76.61 , $52.31 
24-08-2017, $76.33 , $51.73 
25-08-2017, $76.72 , $51.87 
28-08-2017, $76.47 , $51.87 
29-08-2017, $76.45 , $51.64 
30-08-2017, $76.10 , $51.91 
31-08-2017, $76.33 , $52.69 
01-09-2017, $76.57 , $53.15 
05-09-2017, $77.18 , $53.63 
06-09-2017, $78.78 , $54.48 
07-09-2017, $79.03 , $54.16 
08-09-2017, $78.82 , $54.55 
11-09-2017, $79.25 , $54.20 
12-09-2017, $79.50 , $55.06 
13-09-2017, $79.77 , $55.52 
14-09-2017, $80.09 , $56.76 
15-09-2017, $80.07 , $56.18 
18-09-2017, $80.09 , $55.50 
19-09-2017, $80.22 , $56.58 
20-09-2017, $80.55 , $57.20 
21-09-2017, $79.89 , $57.73 
22-09-2017, $79.92 , $58.16 
25-09-2017, $80.98 , $59.42 
26-09-2017, $80.89 , $59.77 
27-09-2017, $81.43 , $58.74 
28-09-2017, $82.19 , $58.80 
29-09-2017, $81.98 , $57.02 
02-10-2017, $81.63 , $55.67 
03-10-2017, $81.76 , $56.12 
04-10-2017, $81.79 , $56.00 
05-10-2017, $82.02 , $57.09 
06-10-2017, $81.71 , $55.50 
09-10-2017, $82.03 , $55.29 
10-10-2017, $82.26 , $56.62 
11-10-2017, $82.60 , $56.13 
12-10-2017, $82.43 , $56.13 
13-10-2017, $82.41 , $56.86 
16-10-2017, $82.81 , $57.49 
17-10-2017, $82.96 , $57.63 
18-10-2017, $82.76 , $58.05 
19-10-2017, $82.74 , $57.82 
20-10-2017, $83.11 , $57.89 
23-10-2017, $83.24 , $57.69 
24-10-2017, $83.47 , $57.84 
25-10-2017, $83.17 , $58.45 
26-10-2017, $83.47 , $58.75 
27-10-2017, $83.71 , $60.15 
30-10-2017, $83.54 , $60.65 
31-10-2017, $83.35 , $61.35 
01-11-2017, $83.87 , $60.98 
02-11-2017, $83.53 , $60.79 
03-11-2017, $83.18 , $61.42 
06-11-2017, $83.75 , $64.27 
07-11-2017, $83.58 , $64.36 
08-11-2017, $83.47 , $63.96 
09-11-2017, $83.97 , $64.49 
10-11-2017, $82.94 , $64.35 
13-11-2017, $82.89 , $62.94 
14-11-2017, $82.24 , $60.91 
15-11-2017, $81.21 , $61.25 
16-11-2017, $80.56 , $61.18 
17-11-2017, $80.24 , $61.34 
20-11-2017, $80.55 , $61.34 
21-11-2017, $80.87 , $62.28 
22-11-2017, $81.10 , $62.92 
24-11-2017, $81.42 , $63.58 
27-11-2017, $81.11 , $63.25 
28-11-2017, $81.67 , $63.56 
29-11-2017, $82.27 , $63.74 
30-11-2017, $83.29 , $63.53 
01-12-2017, $83.46 , $64.57 
04-12-2017, $83.57 , $63.45 
05-12-2017, $82.89 , $63.45 
06-12-2017, $82.28 , $62.25 
07-12-2017, $82.55 , $62.37 
08-12-2017, $82.66 , $63.86 
11-12-2017, $83.03 , $65.62 
12-12-2017, $82.76 , $64.96 
13-12-2017, $83.12 , $63.66 
14-12-2017, $82.90 , $63.72 
15-12-2017, $83.03 , $63.81 
18-12-2017, $82.94 , $64.45 
19-12-2017, $82.44 , $63.69 
20-12-2017, $82.87 , $64.43 
21-12-2017, $83.85 , $64.64 
22-12-2017, $83.97 , $64.61 
26-12-2017, $83.98 ,#N/A
27-12-2017, $83.90 , $66.03 
28-12-2017, $84.02 , $66.80 
29-12-2017, $83.64 , $66.73 
02-01-2018, $85.03 , $66.65 
03-01-2018, $86.70 , $67.85 
04-01-2018, $86.82 , $68.73 
05-01-2018, $86.75 , $68.01 
08-01-2018, $87.14 , $68.48 
09-01-2018, $86.77 , $69.08 
10-01-2018, $86.08 , $69.79 
11-01-2018, $86.93 , $70.36 
12-01-2018, $87.52 , $69.64 
16-01-2018, $86.97 , $69.40 
17-01-2018, $88.00 , $69.19 
18-01-2018, $87.43 , $69.48 
19-01-2018, $87.15 , $68.56 
22-01-2018, $88.25 , $69.32 
23-01-2018, $88.30 , $69.81 
24-01-2018, $88.53 , $69.91 
25-01-2018, $88.37 , $71.08 
26-01-2018, $89.00 , $70.08 
29-01-2018, $88.01 , $68.41 
30-01-2018, $86.78 , $67.78 
31-01-2018, $87.30 , $67.78 
01-02-2018, $89.07 , $68.60 
02-02-2018, $84.53 , $67.45 
05-02-2018, $79.72 , $67.69 
06-02-2018, $78.35 , $66.75 
07-02-2018, $76.94 , $65.74 
08-02-2018, $76.07 , $64.26 
09-02-2018, $75.78 , $63.04 
12-02-2018, $76.42 , $62.20 
13-02-2018, $76.30 , $61.94 
14-02-2018, $76.46 , $62.29 
15-02-2018, $76.21 , $62.86 
16-02-2018, $76.54 , $64.30 
20-02-2018, $75.75 , $64.68 
21-02-2018, $74.89 , $64.81 
22-02-2018, $75.86 , $66.12 
23-02-2018, $77.53 , $67.04 
26-02-2018, $78.84 , $67.96 
27-02-2018, $77.50 , $67.59 
28-02-2018, $75.74 , $66.08 
01-03-2018, $75.20 , $64.23 
02-03-2018, $75.55 , $64.26 
05-03-2018, $76.27 , $65.78 
06-03-2018, $76.18 , $65.67 
07-03-2018, $74.26 , $65.09 
08-03-2018, $74.12 , $63.87 
09-03-2018, $74.56 , $65.19 
12-03-2018, $75.24 , $64.53 
13-03-2018, $74.53 , $64.20 
14-03-2018, $73.60 , $63.61 
15-03-2018, $74.42 , $63.67 
16-03-2018, $75.12 , $64.68 
19-03-2018, $74.15 , $64.82 
20-03-2018, $73.99 , $66.00 
21-03-2018, $75.04 , $68.15 
22-03-2018, $73.50 , $68.98 
23-03-2018, $72.89 , $69.03 
26-03-2018, $74.00 , $68.81 
27-03-2018, $73.70 , $68.63 
28-03-2018, $72.81 , $68.13 
29-03-2018, $74.61 , $69.02 
02-04-2018, $73.22 ,#N/A
03-04-2018, $75.02 , $69.02 
04-04-2018, $74.87 , $66.04 
05-04-2018, $76.02 , $66.54 
06-04-2018, $74.87 , $66.51 
09-04-2018, $74.87 , $68.19 
10-04-2018, $77.07 , $70.67 
11-04-2018, $77.43 , $72.74 
12-04-2018, $77.22 , $71.44 
13-04-2018, $77.84 , $73.18 
16-04-2018, $78.54 , $72.05 
17-04-2018, $78.33 , $71.71 
18-04-2018, $79.22 , $73.73 
19-04-2018, $79.42 , $74.85 
20-04-2018, $79.00 , $74.62 
23-04-2018, $79.57 , $74.54 
24-04-2018, $78.35 , $75.86 
25-04-2018, $79.50 , $73.79 
26-04-2018, $80.86 , $75.39 
27-04-2018, $77.79 , $75.33 
30-04-2018, $77.75 , $75.92 
01-05-2018, $76.95 , $74.85 
02-05-2018, $76.80 , $73.14 
03-05-2018, $76.54 , $73.45 
04-05-2018, $76.90 , $74.75 
07-05-2018, $77.74 ,#N/A
08-05-2018, $78.09 , $74.16 
09-05-2018, $79.93 , $77.60 
10-05-2018, $81.72 , $77.59 
11-05-2018, $81.28 , $77.37 
14-05-2018, $81.83 , $78.17 
15-05-2018, $81.79 , $78.94 
16-05-2018, $82.02 , $78.19 
17-05-2018, $81.88 , $80.09 
18-05-2018, $81.30 , $78.38 
21-05-2018, $82.28 , $78.34 
22-05-2018, $81.64 , $80.42 
23-05-2018, $82.15 , $78.69 
24-05-2018, $80.27 , $78.90 
25-05-2018, $78.71 , $76.60 
29-05-2018, $78.42 , $74.51 
30-05-2018, $81.50 , $75.89 
31-05-2018, $81.24 , $76.45 
01-06-2018, $81.83 , $74.54 
04-06-2018, $80.97 , $73.41 
05-06-2018, $80.68 , $72.91 
06-06-2018, $82.06 , $73.23 
07-06-2018, $82.88 , $75.23 
08-06-2018, $83.60 , $75.11 
11-06-2018, $83.10 , $74.58 
12-06-2018, $82.42 , $74.86 
13-06-2018, $81.51 , $75.07 
14-06-2018, $81.89 , $74.77 
15-06-2018, $80.66 , $72.02 
18-06-2018, $80.82 , $74.87 
19-06-2018, $80.70 , $74.92 
20-06-2018, $80.45 , $74.25 
21-06-2018, $79.69 , $72.87 
22-06-2018, $81.38 , $73.67 
25-06-2018, $79.74 , $72.82 
26-06-2018, $80.64 , $73.58 
27-06-2018, $81.71 , $76.09 
28-06-2018, $81.97 , $76.26 
29-06-2018, $82.73 , $77.44 
02-07-2018, $81.76 , $76.71 
03-07-2018, $82.24 , $75.87 
05-07-2018, $82.31 , $77.09 
06-07-2018, $82.33 , $74.98 
09-07-2018, $82.90 , $77.08 
10-07-2018, $83.66 , $77.80 
11-07-2018, $82.59 , $75.35 
12-07-2018, $82.69 , $72.11 
13-07-2018, $83.31 , $74.11 
16-07-2018, $82.49 , $71.03 
17-07-2018, $82.31 , $70.87 
18-07-2018, $82.22 , $70.52 
19-07-2018, $82.01 , $71.94 
20-07-2018, $81.40 , $71.99 
23-07-2018, $81.40 , $73.45 
24-07-2018, $83.01 , $73.53 
25-07-2018, $83.59 , $73.67 
26-07-2018, $84.24 , $74.51 
27-07-2018, $81.92 , $74.84 
30-07-2018, $81.74 , $74.99 
31-07-2018, $81.51 , $74.16 
01-08-2018, $80.39 , $72.28 
02-08-2018, $79.91 , $72.95 
03-08-2018, $80.20 , $72.48 
06-08-2018, $80.18 , $72.51 
07-08-2018, $81.27 , $72.31 
08-08-2018, $80.73 , $70.71 
09-08-2018, $80.32 , $70.55 
10-08-2018, $79.42 , $71.00 
13-08-2018, $78.56 , $70.62 
14-08-2018, $78.31 , $70.77 
15-08-2018, $76.94 , $68.38 
16-08-2018, $78.00 , $69.21 
17-08-2018, $78.26 , $70.14 
20-08-2018, $78.81 , $71.11 
21-08-2018, $78.83 , $71.65 
22-08-2018, $79.96 , $72.96 
23-08-2018, $79.08 , $73.73 
24-08-2018, $79.62 , $74.41 
27-08-2018, $80.40 , $74.41 
28-08-2018, $80.28 , $75.91 
29-08-2018, $80.86 , $76.07 
30-08-2018, $80.51 , $77.05 
31-08-2018, $80.17 , $76.94 
04-09-2018, $80.29 , $77.51 
05-09-2018, $81.36 , $76.68 
06-09-2018, $80.46 , $75.67 
07-09-2018, $81.83 , $75.55 
10-09-2018, $81.71 , $76.77 
11-09-2018, $82.86 , $78.22 
12-09-2018, $83.13 , $80.02 
13-09-2018, $82.32 , $77.66 
14-09-2018, $82.92 , $77.87 
17-09-2018, $83.41 , $78.22 
18-09-2018, $83.63 , $79.25 
19-09-2018, $84.63 , $79.43 
20-09-2018, $84.82 , $79.03 
21-09-2018, $85.17 , $78.90 
24-09-2018, $86.60 , $80.89 
25-09-2018, $86.50 , $82.21 
26-09-2018, $85.78 , $81.87 
27-09-2018, $85.77 , $81.54 
28-09-2018, $85.02 , $82.72 
01-10-2018, $85.81 , $84.94 
02-10-2018, $86.46 , $85.63 
03-10-2018, $86.15 , $85.45 
04-10-2018, $85.58 , $86.07 
05-10-2018, $85.34 , $85.12 
08-10-2018, $86.13 , $84.22 
09-10-2018, $86.51 , $85.16 
10-10-2018, $84.52 , $83.82 
11-10-2018, $81.60 , $81.35 
12-10-2018, $81.38 , $80.71 
15-10-2018, $80.82 , $80.91 
16-10-2018, $81.20 , $80.53 
17-10-2018, $81.50 , $79.91 
18-10-2018, $81.85 , $80.30 
19-10-2018, $81.97 , $80.38 
22-10-2018, $81.15 , $80.45 
23-10-2018, $79.84 , $78.67 
24-10-2018, $77.62 , $77.34 
25-10-2018, $78.31 , $77.30 
26-10-2018, $77.53 , $77.40 
29-10-2018, $77.05 , $77.56 
30-10-2018, $78.78 , $75.68 
31-10-2018, $79.68 , $74.84 
01-11-2018, $80.67 , $71.25 
02-11-2018, $81.95 , $71.11 
05-11-2018, $81.64 , $72.68 
06-11-2018, $81.99 , $70.64 
07-11-2018, $83.03 , $70.10 
08-11-2018, $81.71 , $69.29 
09-11-2018, $80.87 , $69.01 
12-11-2018, $79.83 , $69.81 
13-11-2018, $78.00 , $65.45 
14-11-2018, $77.39 , $64.88 
15-11-2018, $78.19 , $65.61 
16-11-2018, $78.96 , $65.29 
19-11-2018, $79.22 , $64.14 
20-11-2018, $76.97 , $61.50 
21-11-2018, $77.56 , $61.65 
23-11-2018, $75.49 , $57.69 
26-11-2018, $76.98 , $59.70 
27-11-2018, $77.05 , $59.58 
28-11-2018, $78.45 , $57.97 
29-11-2018, $79.06 , $58.29 
30-11-2018, $79.50 , $57.71 
03-12-2018, $81.22 , $60.17 
04-12-2018, $79.43 , $61.22 
06-12-2018, $78.39 , $57.83 
07-12-2018, $77.64 , $61.71 
10-12-2018, $76.54 , $60.29 
11-12-2018, $76.68 , $59.73 
12-12-2018, $76.02 , $59.94 
13-12-2018, $76.98 , $59.03 
14-12-2018, $75.58 , $58.56 
17-12-2018, $74.04 , $57.59 
18-12-2018, $72.00 , $55.26 
19-12-2018, $70.78 , $55.60 
20-12-2018, $68.63 , $52.84 
21-12-2018, $68.12 , $51.93 
24-12-2018, $65.51 ,#N/A
26-12-2018, $68.64 ,#N/A
27-12-2018, $68.94 , $51.49 
28-12-2018, $68.17 , $50.57 
31-12-2018, $68.19 ,#N/A
02-01-2019, $69.69 , $54.06 
03-01-2019, $68.62 , $53.23 
04-01-2019, $71.15 , $55.64 
07-01-2019, $71.52 , $57.10 
08-01-2019, $72.04 , $56.91 
09-01-2019, $72.42 , $59.46 
10-01-2019, $72.05 , $60.47 
11-01-2019, $71.72 , $59.24 
14-01-2019, $71.63 , $58.80 
15-01-2019, $71.67 , $58.65 
16-01-2019, $71.64 , $59.81 
17-01-2019, $72.13 , $59.85 
18-01-2019, $72.99 , $62.04 
22-01-2019, $71.89 , $60.90 
23-01-2019, $71.30 , $61.05 
24-01-2019, $71.40 , $61.09 
25-01-2019, $71.72 , $61.49 
28-01-2019, $71.24 , $59.71 
29-01-2019, $71.51 , $60.98 
30-01-2019, $72.29 , $61.89 
31-01-2019, $73.28 , $62.46 
01-02-2019, $75.92 , $61.86 
04-02-2019, $74.82 , $62.26 
05-02-2019, $75.59 , $61.67 
06-02-2019, $75.26 , $62.22 
07-02-2019, $74.68 , $61.01 
08-02-2019, $73.98 , $61.37 
11-02-2019, $74.10 , $61.30 
12-02-2019, $75.40 , $62.58 
13-02-2019, $76.25 , $63.27 
14-02-2019, $76.27 , $64.00 
15-02-2019, $77.71 , $65.65 
19-02-2019, $78.23 , $65.86 
20-02-2019, $78.53 , $66.82 
21-02-2019, $77.82 , $66.91 
22-02-2019, $78.42 , $66.91 
25-02-2019, $78.50 , $64.02 
26-02-2019, $78.66 , $64.51 
27-02-2019, $79.47 , $65.55 
28-02-2019, $79.03 , $65.03 
01-03-2019, $80.00 , $63.71 
04-03-2019, $80.31 , $64.44 
05-03-2019, $80.19 , $64.24 
06-03-2019, $79.28 , $64.51 
07-03-2019, $80.16 , $64.82 
08-03-2019, $79.01 , $65.66 
11-03-2019, $79.78 , $65.06 
12-03-2019, $80.00 , $65.33 
13-03-2019, $80.71 , $65.89 
14-03-2019, $80.44 , $66.18 
15-03-2019, $80.15 , $66.11 
18-03-2019, $81.08 , $66.65 
19-03-2019, $80.87 , $67.13 
20-03-2019, $81.32 , $68.35 
21-03-2019, $81.79 , $68.30 
22-03-2019, $80.48 , $66.29 
25-03-2019, $79.92 , $67.37 
,,
,,
